{
  "test_count": 137,
  "n_labels": 10,
  "test_metrics_default_threshold": {
    "micro_f1": 0.3581081081081081,
    "macro_f1": 0.28566137566137567,
    "weighted_f1": 0.35465020576131684,
    "micro_precision": 0.32919254658385094,
    "micro_recall": 0.3925925925925926,
    "hamming_loss": 0.1386861313868613,
    "exact_match": 0.27007299270072993,
    "mAP": 0.28074650321042927,
    "loss": 1.1065294610129461
  },
  "test_metrics_optimized_threshold": {
    "micro_f1": 0.31140350877192985,
    "macro_f1": 0.2804483746691877,
    "weighted_f1": 0.3553395056881663,
    "micro_precision": 0.22118380062305296,
    "micro_recall": 0.5259259259259259,
    "hamming_loss": 0.2291970802919708,
    "exact_match": 0.06569343065693431,
    "mAP": 0.28074650321042927
  },
  "quality_gates": {
    "macro_f1_threshold": 0.3,
    "micro_f1_threshold": 0.45,
    "macro_f1_passed": false,
    "micro_f1_passed": false
  }
}