{
  "test_count": 139,
  "test_metrics": {
    "loss": 0.03284925297420058,
    "valence_mae": 0.1811096966266632,
    "valence_mse": 0.07188031077384949,
    "valence_pearson": 0.757096259491475,
    "activation_mae": 0.1275027096271515,
    "activation_mse": 0.04219217598438263,
    "activation_pearson": 0.6848917909401153,
    "agency_mae": 0.14495396614074707,
    "agency_mse": 0.043950337916612625,
    "agency_pearson": 0.6822241029768642,
    "certainty_mae": 0.2348121851682663,
    "certainty_mse": 0.11057128012180328,
    "certainty_pearson": 0.5976498146626688,
    "relational_openness_mae": 0.1564832627773285,
    "relational_openness_mse": 0.06341675668954849,
    "relational_openness_pearson": 0.633690910730321,
    "self_trust_mae": 0.15501530468463898,
    "self_trust_mse": 0.05635359138250351,
    "self_trust_pearson": 0.664716324188341,
    "time_orientation_mae": 0.15458254516124725,
    "time_orientation_mse": 0.05233578756451607,
    "time_orientation_pearson": 0.6342841160752223,
    "integration_mae": 0.19690358638763428,
    "integration_mse": 0.07894545048475266,
    "integration_pearson": 0.6440825118139529,
    "mean_mae": 0.16892040707170963,
    "mean_pearson": 0.66232947885987
  },
  "quality_gates": {
    "mean_mae_threshold": 0.18,
    "max_dim_mae_threshold": 0.25,
    "min_pearson_threshold": 0.6,
    "mean_mae_passed": true,
    "max_dim_mae_passed": true,
    "min_pearson_passed": false
  }
}